<?xml version="1.0" encoding="UTF-8"?>
<gameCard>
	<unit>
		<card id="1">
			<name>Sombre Guerrier</name>
			<description>
				<l1>Ne pour frapper...</l1>
				<l2>On ne rigole pas contre le</l2>
				<l3>sombre guerrier...</l3>
			</description>
			<type>Close</type>
			<init>5</init>
			<life>8</life>
			<price>7</price>
			<damage>
				<top>6</top>
				<bottom>5</bottom>
				<left>6</left>
				<right>6</right>
			</damage>
		</card>
	</unit>	
	<unit>
		<card id="2">
			<name>Baliste de feu</name>
			<description>
				<l1>Balise de l'empire ... </l1>
				<l2>fait partie de la meilleur arme de ...</l2>
				<l3>un beau engin de guerre</l3>
			</description>
			<type>BigRange</type>
			<init>2</init>
			<life>3</life>
			<price>11</price>
			<damage>
				<top>9</top>
				<bottom>6</bottom>
				<left>8</left>
				<right>7</right>
			</damage>
		</card>
	</unit>
	<unit>	
		<card id="3">
			<name>Archer crepusculaire</name>
			<description>
				<l1>Une fleche, une blessure.</l1>
				<l2>Rapide comme le vent.</l2>
        <l3>  </l3>
			</description>
			<type>Range</type>
			<init>7</init>
			<life>5</life>
			<price>3</price>
			<damage>
				<top>3</top>
				<bottom>3</bottom>
				<left>2</left>
				<right>2</right>
			</damage>	
		</card>
	</unit>
	
	<movement>
		<card id="4"></card>
		<card id="5"></card>
	</movement>
	
	<land>
		<card id="1001">
			<type>Forest</type>
			<name>Sherwood</name>
			<description>
				<l1>Transforme le terrain</l1>
				<l2>en foret inamicale</l2>
				<l3></l3>
			</description>
			<zones>
				<zone>
					<y>1</y>
					<x>0</x>
				</zone>
				<zone>
					<y>-1</y>
					<x>0</x>
				</zone>
				<zone>
					<y>0</y>
					<x>1</x>
				</zone>
				<zone>
					<y>0</y>
					<x>-1</x>
				</zone>
			</zones>
		</card>
	</land>
	<land>	
	
		<card id="1002">
			<type>Swamp</type>
			<name>Marecage Zangar</name>
			<description>
				<l1>Transforme le terrain</l1>
				<l2>en marais</l2>
				<l3></l3>
			</description>
			<zones>
				<zone>
					<y>0</y>
					<x>1</x>
				</zone>
				<zone>
					<y>0</y>
					<x>-1</x>
				</zone>
			</zones>
		</card>
	</land>
	<land>	
	
		<card id="1003">
			<type>Mountain</type>
			<name>Le Mont Blanc</name>
			<description>
				<l1>Transforme le terrain</l1>
				<l2>en montagne</l2>
				<l3></l3>
			</description>
			<zones>
				<zone>
					<y>0</y>
					<x>1</x>
				</zone>
				<zone>
					<y>-1</y>
					<x>0</x>
				</zone>
			</zones>
		</card>
	</land>
	<land>	
	
		<card id="1004">
			<type>Ruin</type>
			<name>Ruine d'If</name>
			<description>
				<l1>Transforme le terrain</l1>
				<l2>en ruine</l2>
				<l3></l3>
			</description>
			<zones>
				<zone>
					<y>1</y>
					<x>1</x>
				</zone>
				<zone>
					<y>-1</y>
					<x>1</x>
				</zone>
				<zone>
					<y>-1</y>
					<x>-1</x>
				</zone>
				<zone>
					<y>1</y>
					<x>-1</x>
				</zone>
			</zones>	
		</card>
	</land>
	<land>
		<card id="1005">
			<type>Plain</type>
			<name>Plaine du Roan</name>
			<description>
				<l1>Transforme le terrain</l1>
				<l2>en plaine</l2>
				<l3></l3>
			</description>
			<zones>
				<zone>
					<y>1</y>
					<x>0</x>
				</zone>
				<zone>
					<y>1</y>
					<x>-1</x>
				</zone>
				<zone>
					<y>0</y>
					<x>-1</x>
				</zone>
			</zones>	
		</card>	
	</land>
</gameCard>